nombre_completo,cargo,partido,pacto,comuna,distrito,circunscripcion,periodo_inicio,periodo_fin,foto_url,email,fuente
Cristóbal Juliá De La Vega,gobernador,Independiente,,,,Región de Coquimbo,2025-01-06,2029-01-06,,,https://acuerdos.corecoquimbo.cl/consejeros/consejero/98/16
Ximena Del Pilar Ampuero García,core,Frente Amplio,,,,Elqui,2025-01-06,2029-01-06,,,https://acuerdos.corecoquimbo.cl/consejeros/lista
Valeria Chacana Alarcón,core,Partido Comunista,,,,Elqui,2025-01-06,2029-01-06,,,https://acuerdos.corecoquimbo.cl/consejeros/lista
Lombardo Toledo Escorza,core,Partido Demócrata Cristiano,,,,Elqui,2025-01-06,2029-01-06,,,https://acuerdos.corecoquimbo.cl/consejeros/lista
Belén Auger Julien,core,Partido Republicano,,,,Elqui,2025-01-06,2029-01-06,,,https://acuerdos.corecoquimbo.cl/consejeros/lista
Francisco Corral Macías,core,Partido Republicano,,,,Elqui,2025-01-06,2029-01-06,,,https://acuerdos.corecoquimbo.cl/consejeros/lista
Pedro Alejandro Valencia Cortés,core,Partido Socialista de Chile,,,,Elqui,2025-01-06,2029-01-06,,,https://acuerdos.corecoquimbo.cl/consejeros/lista
María Cristina Concha Wagenknecht,core,Renovación Nacional,,,,Elqui,2025-01-06,2029-01-06,,,https://acuerdos.corecoquimbo.cl/consejeros/lista
Paola Cortés Vega,core,Unión Demócrata Independiente,,,,Elqui,2025-01-06,2029-01-06,,,https://acuerdos.corecoquimbo.cl/consejeros/lista
Denis Cortés Vargas,core,Independiente,,,,Choapa,2025-01-06,2029-01-06,,,https://acuerdos.corecoquimbo.cl/consejeros/lista
Juan Hisi Espinoza,core,Independiente,,,,Choapa,2025-01-06,2029-01-06,,,https://acuerdos.corecoquimbo.cl/consejeros/lista
Ángel González Aguilera,core,Independiente,,,,Choapa,2025-01-06,2029-01-06,,,https://acuerdos.corecoquimbo.cl/consejeros/lista
Juan Manuel Barraza Astorga,core,Partido Por la Democracia,,,,Choapa,2025-01-06,2029-01-06,,,https://acuerdos.corecoquimbo.cl/consejeros/lista
Tatiana Alejandra Cortés Segovia,core,Partido Comunista,,,,Limarí,2025-01-06,2029-01-06,,,https://acuerdos.corecoquimbo.cl/consejeros/lista
Bernardo Chávez Araya,core,Partido Republicano,,,,Limarí,2025-01-06,2029-01-06,,,https://acuerdos.corecoquimbo.cl/consejeros/lista
Carlos Ramos García,core,Partido Socialista de Chile,,,,Limarí,2025-01-06,2029-01-06,,,https://acuerdos.corecoquimbo.cl/consejeros/lista
Max Aguirre Rojas,core,Renovación Nacional,,,,Limarí,2025-01-06,2029-01-06,,,https://acuerdos.corecoquimbo.cl/consejeros/lista
Daniel Manouchehri Lobos,diputado,Partido Socialista (PS),Unidad por Chile,,Distrito 5,,2026-03-11,2030-03-11,,,https://www.bcn.cl/historiapolitica/resenas_parlamentarias/wiki/Daniel_Manouchehri_Lobos
Carolina Tello Rojas,diputado,Frente Amplio (FA),Unidad por Chile,,Distrito 5,,2026-03-11,2030-03-11,,,https://www.bcn.cl/historiapolitica/resenas_biograficas/wiki/Carolina_Tello_Rojas
Nathalie Castillo Rojas,diputado,Partido Comunista (PC),Unidad por Chile,,Distrito 5,,2026-03-11,2030-03-11,,,https://www.bcn.cl/historiapolitica/resenas_biograficas/wiki/Nathalie_Castillo_Rojas
Bernardo Antonio Salinas Maya,diputado,"Independiente (cupo PC, lista Unidad por Chile)",Unidad por Chile,,Distrito 5,,2026-03-11,2030-03-11,,,https://www.bcn.cl/historiapolitica/resenas_parlamentarias/wiki/Bernardo_Antonio_Salinas_Maya
Eileen Patricia Urqueta Rojas,diputado,Partido de la Gente (PDG),Partido de la Gente,,Distrito 5,,2026-03-11,2030-03-11,,,https://www.bcn.cl/historiapolitica/resenas_parlamentarias/wiki/Eileen_Patricia_Urqueta_Rojas
Marco Antonio Sulantay Olivares,diputado,Unión Demócrata Independiente (UDI),Chile Grande y Unido,,Distrito 5,,2026-03-11,2030-03-11,,,https://www.bcn.cl/historiapolitica/resenas_parlamentarias/wiki/Marco_Antonio_Sulantay_Olivares
Erich Christ Grohs Marín,diputado,Partido Nacional Libertario (PNL),Cambio por Chile,,Distrito 5,,2026-03-11,2030-03-11,,,https://www.bcn.cl/historiapolitica/resenas_parlamentarias/wiki/Erich_Christ_Grohs_Mar%C3%ADn
Sergio Alfredo Gahona Salazar,senador,Unión Demócrata Independiente (UDI),,,,5ª Circunscripción Senatorial (Región de Coquimbo),2022-03-11,2030-03-11,,,https://www.bcn.cl/historiapolitica/resenas_parlamentarias/wiki/Sergio_Alfredo_Gahona_Salazar
Daniel Ignacio Núñez Arancibia,senador,Partido Comunista (PC),,,,5ª Circunscripción Senatorial (Región de Coquimbo),2022-03-11,2030-03-11,,,https://www.bcn.cl/historiapolitica/resenas_biograficas/wiki/Daniel_Ignacio_N%C3%BA%C3%B1ez_Arancibia
Matías Walker Prieto,senador,Demócratas,,,,5ª Circunscripción Senatorial (Región de Coquimbo),2022-03-11,2030-03-11,,,https://www.bcn.cl/historiapolitica/resenas_parlamentarias/wiki/Mat%C3%ADas_Walker_Prieto
Daniela Norambuena Borgheresi,alcalde,RN,Chile Vamos,la-serena,,,2024-12-06,2028-12-06,,,https://www.pauta.cl/dato-en-pauta/2024/10/27/resultados-de-las-elecciones-2024-de-alcalde-por-la-serena.html
Alí Manouchehri Moghadam Kashan Lobos,alcalde,Independiente,Contigo Chile Mejor,coquimbo,,,2024-12-06,2028-12-06,,,https://www.meganoticias.cl/nacional/463244-resultados-elecciones-municipales-2024-comuna-coquimbo-quien-gano-en-alcalde.html
Juan Carlos Alfaro Aravena,alcalde,PS,,andacollo,,,2024-12-06,2028-12-06,,,https://www.meganoticias.cl/nacional/463182-resultados-elecciones-municipales-2024-comuna-andacollo-quien-gano-en-alcalde.html
Uberlinda Aquea Barraza,alcalde,PS,,la-higuera,,,2024-12-06,2028-12-06,,,https://www.meganoticias.cl/nacional/463324-resultados-elecciones-municipales-2024-comuna-la-higuera-quien-gano-en-alcalde.html
Hernán Ahumada Ahumada,alcalde,RN,Chile Vamos,paihuano,,,2024-12-06,2028-12-06,,,https://www.elquiglobal.cl/hernan-ahumada-asumio-su-tercer-periodo-en-paihuano-junto-al-nuevo-concejo-municipal/
Mario Aros Carvajal,alcalde,Independiente,Chile Vamos,vicuna,,,2024-12-06,2028-12-06,,,https://laserenaonline.cl/2024/10/28/mario-aros-carvajal-es-alcalde-electo-de-vicuna/
Héctor Vega Campusano,alcalde,Independiente,,ovalle,,,2024-12-06,2028-12-06,,,https://www.elovallino.cl/hector-vega-campusano-triunfa-en-su-primera-candidatura-a-alcalde-de-ovalle/
Marta Angélica Carvajal Cortés,alcalde,Independiente,,combarbala,,,2024-12-06,2028-12-06,,,https://www.diarioeldia.cl/noticias/2024/10/28/123364-la-docente-marta-angelica-carvajal-sorprende-en-combarbala-recibirlo-con-tanto-carino-le-da-un-valor-agregado
Cristian Herrera Peña,alcalde,Independiente,Contigo Chile Mejor,monte-patria,,,2024-12-06,2028-12-06,,,https://www.diarioeldia.cl/noticias/2024/10/28/123363-cristian-herrera-es-reelecto-para-un-segundo-mandato-en-monte-patria
Pedro Humberto Araya Zepeda,alcalde,Independiente,,punitaqui,,,2024-12-06,2028-12-06,,,https://www.elovallino.cl/pedro-araya-zepeda-tuvo-su-revancha-y-gana-la-eleccion-de-alcalde-en-punitaqui/
Carmen Juana Olivares de la Rivera,alcalde,Independiente,Contigo Chile Mejor,rio-hurtado,,,2024-12-06,2028-12-06,,,https://riohurtado.cl/?p=3067
Denis Cortés Aguilera,alcalde,DC,Contigo Chile Mejor,illapel,,,2024-12-06,2028-12-06,,,https://www.pdc.cl/alcaldes_2024/denis-cortes-aguilera/
Waldo Enrique Contreras Cortés,alcalde,Independiente,,canela,,,2024-12-06,2028-12-06,,,https://www.diarioeldia.cl/noticias/2024/10/28/123365-waldo-contreras-de-concejal-a-liderar-la-municipalidad-de-canela-me-he-preparado-para-este-gran-desafio
Christian Frank Gross Hidalgo,alcalde,PS,Contigo Chile Mejor,los-vilos,,,2024-12-06,2028-12-06,,,https://losviloschile.cl/politica/christian-gross-se-mantiene-como-alcalde-de-los-vilos-y-asegura-un-segundo-periodo/
Carlos Lillo Álamos,alcalde,Independiente,,salamanca,,,2024-12-06,2028-12-06,,,https://salamancachile.cl/politica/carlos-lillo-es-electo-alcalde-y-pone-fin-a-34-anos-de-hegemonia-politica-en-salamanca/
José Luis Núñez Núñez,concejal,Frente Amplio,"Por Chile, Seguimos",illapel,,,2024-12-06,2028-12-06,,,https://www.tercoquimbo.cl/doc/elecciones/concejales/2024/Sentencia_Concejal_Illapel.pdf
Ricardo del Tránsito Castillo Castillo,concejal,Independiente,Centro Democrático,illapel,,,2024-12-06,2028-12-06,,,https://www.tercoquimbo.cl/doc/elecciones/concejales/2024/Sentencia_Concejal_Illapel.pdf
Eduardo Antonio Cortés Mánquez,concejal,Partido Demócrata Cristiano (PDC),Chile Mucho Mejor,illapel,,,2024-12-06,2028-12-06,,,https://www.tercoquimbo.cl/doc/elecciones/concejales/2024/Sentencia_Concejal_Illapel.pdf
Cristian Esteban Vásquez Suazo,concejal,Independiente,Chile Mucho Mejor,illapel,,,2024-12-06,2028-12-06,,,https://www.tercoquimbo.cl/doc/elecciones/concejales/2024/Sentencia_Concejal_Illapel.pdf
Janet Araya Rocco,concejal,Independiente,Chile Mucho Mejor,illapel,,,2024-12-06,2028-12-06,,,https://www.tercoquimbo.cl/doc/elecciones/concejales/2024/Sentencia_Concejal_Illapel.pdf
Maximiliano Javier Bravo Leyton,concejal,Independiente,Chile Mucho Mejor,illapel,,,2024-12-06,2028-12-06,,,https://www.tercoquimbo.cl/doc/elecciones/concejales/2024/Sentencia_Concejal_Illapel.pdf
Bernardo Leyton Lemus,concejal,Partido Comunista de Chile,"Por Chile, Seguimos",canela,,,2024-12-06,2028-12-06,,,https://www.tercoquimbo.cl/doc/elecciones/concejales/2024/Sentencia_Concejal_Canela.pdf
Homero Ademir Cortés Campusano,concejal,Partido Comunista de Chile,"Por Chile, Seguimos",canela,,,2024-12-06,2028-12-06,,,https://www.tercoquimbo.cl/doc/elecciones/concejales/2024/Sentencia_Concejal_Canela.pdf
Juan Eduardo Ávalos Ávalos,concejal,Independiente,Chile Vamos (UDI-Evópoli e Independientes),canela,,,2024-12-06,2028-12-06,,,https://www.tercoquimbo.cl/doc/elecciones/concejales/2024/Sentencia_Concejal_Canela.pdf
Juan Eleodoro Castillo Cortés,concejal,Independiente,Centro Democrático,canela,,,2024-12-06,2028-12-06,,,https://www.tercoquimbo.cl/doc/elecciones/concejales/2024/Sentencia_Concejal_Canela.pdf
Norman de la Cruz Araya Araya,concejal,Independiente,Chile Mucho Mejor,canela,,,2024-12-06,2028-12-06,,,https://www.tercoquimbo.cl/doc/elecciones/concejales/2024/Sentencia_Concejal_Canela.pdf
Evelyn Jacqueline Pereira Lanas,concejal,Independiente,Chile Mucho Mejor,canela,,,2024-12-06,2028-12-06,,,https://www.tercoquimbo.cl/doc/elecciones/concejales/2024/Sentencia_Concejal_Canela.pdf
Carla Solange Acevedo Riveros,concejal,Independiente,"Por Chile, Seguimos",los-vilos,,,2024-12-06,2028-12-06,,,https://www.tercoquimbo.cl/doc/elecciones/concejales/2024/Sentencia_Concejal_LosVilos.pdf
Margarita Catalina González Ávalos,concejal,Frente Amplio,"Por Chile, Seguimos",los-vilos,,,2024-12-06,2028-12-06,,,https://www.tercoquimbo.cl/doc/elecciones/concejales/2024/Sentencia_Concejal_LosVilos.pdf
Fabián Arturo Carvajal Veneciano,concejal,Renovación Nacional (RN),Chile Vamos (RN e Independientes),los-vilos,,,2024-12-06,2028-12-06,,,https://www.tercoquimbo.cl/doc/elecciones/concejales/2024/Sentencia_Concejal_LosVilos.pdf
Berta de las Mercedes Martínez González,concejal,Renovación Nacional (RN),Chile Vamos (RN e Independientes),los-vilos,,,2024-12-06,2028-12-06,,,https://www.tercoquimbo.cl/doc/elecciones/concejales/2024/Sentencia_Concejal_LosVilos.pdf
Roberto Esteban Urrutia Urrutia,concejal,Independiente,Tu Comuna Radical,los-vilos,,,2024-12-06,2028-12-06,,,https://www.tercoquimbo.cl/doc/elecciones/concejales/2024/Sentencia_Concejal_LosVilos.pdf
Matthias Eyzaguirre Méndez,concejal,Partido Socialista de Chile (PS),Chile Mucho Mejor,los-vilos,,,2024-12-06,2028-12-06,,,https://www.tercoquimbo.cl/doc/elecciones/concejales/2024/Sentencia_Concejal_LosVilos.pdf
Ángel Vidal Barraza Pinto,concejal,Partido Comunista de Chile,"Por Chile, Seguimos",salamanca,,,2024-12-06,2028-12-06,,,https://www.tercoquimbo.cl/doc/elecciones/concejales/2024/Sentencia_Concejal_Salamanca.pdf
José Francisco Peña González,concejal,Independiente,Chile Vamos (UDI-Evópoli e Independientes),salamanca,,,2024-12-06,2028-12-06,,,https://www.tercoquimbo.cl/doc/elecciones/concejales/2024/Sentencia_Concejal_Salamanca.pdf
Jacqueline del Carmen Briceño Salinas,concejal,Renovación Nacional (RN),Chile Vamos (RN e Independientes),salamanca,,,2024-12-06,2028-12-06,,,https://www.tercoquimbo.cl/doc/elecciones/concejales/2024/Sentencia_Concejal_Salamanca.pdf
Franco Antonio Cereijo Varela,concejal,Partido de la Gente,Partido de la Gente e Independientes,salamanca,,,2024-12-06,2028-12-06,,,https://www.tercoquimbo.cl/doc/elecciones/concejales/2024/Sentencia_Concejal_Salamanca.pdf
Manuel Alonso Cuevas Saavedra,concejal,Partido Por la Democracia (PPD),Chile Mucho Mejor,salamanca,,,2024-12-06,2028-12-06,,,https://www.tercoquimbo.cl/doc/elecciones/concejales/2024/Sentencia_Concejal_Salamanca.pdf
Carlos Cepeda Ramírez,concejal,Independiente,Chile Mucho Mejor,salamanca,,,2024-12-06,2028-12-06,,,https://www.tercoquimbo.cl/doc/elecciones/concejales/2024/Sentencia_Concejal_Salamanca.pdf
Fanny Elizabeth Vega Araya,concejal,Partido Comunista de Chile,Por Chile Seguimos - subpacto PC e Independientes,ovalle,,,2024-12-06,2028-12-06,,,https://www.tercoquimbo.cl/doc/elecciones/concejales/2024/Sentencia_Concejal_Ovalle.pdf
Ricardo Arnoldo Rojas Vergara,concejal,Partido Comunista de Chile,Por Chile Seguimos - subpacto PC e Independientes,ovalle,,,2024-12-06,2028-12-06,,,https://www.tercoquimbo.cl/doc/elecciones/concejales/2024/Sentencia_Concejal_Ovalle.pdf
Victor Hugo Lara Ramírez,concejal,Independiente,Chile Vamos - subpacto UDI e Independientes,ovalle,,,2024-12-06,2028-12-06,,,https://www.tercoquimbo.cl/doc/elecciones/concejales/2024/Sentencia_Concejal_Ovalle.pdf
David Rodrigo Álvarez Lara,concejal,Renovación Nacional,Chile Vamos RN e Independientes,ovalle,,,2024-12-06,2028-12-06,,,https://www.tercoquimbo.cl/doc/elecciones/concejales/2024/Sentencia_Concejal_Ovalle.pdf
Teodosio Segundo Guerrero Cruz,concejal,Renovación Nacional,Chile Vamos RN e Independientes,ovalle,,,2024-12-06,2028-12-06,,,https://www.tercoquimbo.cl/doc/elecciones/concejales/2024/Sentencia_Concejal_Ovalle.pdf
Armando del Rosario Mondaca Contreras,concejal,Independiente,Centro Democrático - subpacto Demócratas e Independientes,ovalle,,,2024-12-06,2028-12-06,,,https://www.tercoquimbo.cl/doc/elecciones/concejales/2024/Sentencia_Concejal_Ovalle.pdf
Cristian Alejandro Rojas Molina,concejal,Partido Demócrata Cristiano,Chile mucho mejor - subpacto PDC e Independientes,ovalle,,,2024-12-06,2028-12-06,,,https://www.tercoquimbo.cl/doc/elecciones/concejales/2024/Sentencia_Concejal_Ovalle.pdf
Víctor Andrés Venegas Aracena,concejal,Partido Republicano de Chile,Republicanos e Independientes,ovalle,,,2024-12-06,2028-12-06,,,https://www.tercoquimbo.cl/doc/elecciones/concejales/2024/Sentencia_Concejal_Ovalle.pdf
Claudia Patricia Ávalos Roblero,concejal,Independiente,Por Chile Seguimos - subpacto Frente Amplio e Independientes,combarbala,,,2024-12-10,2028-12-06,,,https://www.tercoquimbo.cl/doc/elecciones/concejales/2024/Sentencia_Concejal_Combarbala.pdf
Yerko Antonio Gómez Cortés,concejal,Independiente,Chile Vamos RN e Independientes,combarbala,,,2024-12-10,2028-12-06,,,https://www.tercoquimbo.cl/doc/elecciones/concejales/2024/Sentencia_Concejal_Combarbala.pdf
Iván David Guzmán Araya,concejal,Independiente,Chile Vamos RN e Independientes,combarbala,,,2024-12-10,2028-12-06,,,https://www.tercoquimbo.cl/doc/elecciones/concejales/2024/Sentencia_Concejal_Combarbala.pdf
Carlos Amable Castro Rubina,concejal,Independiente,Centro Democrático - subpacto Demócratas e Independientes,combarbala,,,2024-12-10,2028-12-06,,,https://www.tercoquimbo.cl/doc/elecciones/concejales/2024/Sentencia_Concejal_Combarbala.pdf
Juan Alejandro Castillo Castillo,concejal,Partido Por la Democracia (PPD),Chile mucho mejor - subpacto PPD e Independientes,combarbala,,,2024-12-10,2028-12-06,,,https://www.tercoquimbo.cl/doc/elecciones/concejales/2024/Sentencia_Concejal_Combarbala.pdf
Nelson Alberto Pizarro Cortés,concejal,Independiente,Republicanos e Independientes,combarbala,,,2024-12-10,2028-12-06,,,https://www.tercoquimbo.cl/doc/elecciones/concejales/2024/Sentencia_Concejal_Combarbala.pdf
Gonzalo Andrés Soto González,concejal,Independiente,Por Chile Seguimos - subpacto Frente Amplio e Independientes,monte-patria,,,2024-12-06,2028-12-06,,,https://www.tercoquimbo.cl/doc/elecciones/concejales/2024/Sentencia_Concejal_MontePatria.pdf
Marjorie Lissette Araya Robles,concejal,Independiente,Chile Vamos - subpacto UDI e Independientes,monte-patria,,,2024-12-06,2028-12-06,,,https://www.tercoquimbo.cl/doc/elecciones/concejales/2024/Sentencia_Concejal_MontePatria.pdf
Cristian Lazo Lazo,concejal,Independiente,Verdes Liberales - subpacto FREVS e Independientes,monte-patria,,,2024-12-06,2028-12-06,,,https://www.tercoquimbo.cl/doc/elecciones/concejales/2024/Sentencia_Concejal_MontePatria.pdf
Mery Mora Araya,concejal,Independiente,Tu Comuna Radical,monte-patria,,,2024-12-06,2028-12-06,,,https://www.tercoquimbo.cl/doc/elecciones/concejales/2024/Sentencia_Concejal_MontePatria.pdf
Renato del Tránsito Valderrama Bravo,concejal,Independiente,Chile mucho mejor - subpacto PPD e Independientes,monte-patria,,,2024-12-06,2028-12-06,,,https://www.tercoquimbo.cl/doc/elecciones/concejales/2024/Sentencia_Concejal_MontePatria.pdf
Carolina Rojas Bruna,concejal,Partido Demócrata Cristiano,Chile mucho mejor - subpacto PDC e Independientes,monte-patria,,,2024-12-06,2028-12-06,,,https://www.tercoquimbo.cl/doc/elecciones/concejales/2024/Sentencia_Concejal_MontePatria.pdf
Luciano Andrés Riveros Araya,concejal,Independiente,Por Chile Seguimos - subpacto Frente Amplio e Independientes,punitaqui,,,2024-12-06,2028-12-06,,,https://www.tercoquimbo.cl/doc/elecciones/concejales/2024/Sentencia_Concejal_Punitaqui.pdf
Jaime Eduardo Palma Gallardo,concejal,Independiente,Chile Vamos RN e Independientes,punitaqui,,,2024-12-06,2028-12-06,,,https://www.tercoquimbo.cl/doc/elecciones/concejales/2024/Sentencia_Concejal_Punitaqui.pdf
Adrián Luciano Valdivia Segovia,concejal,Partido Demócratas Chile,Centro Democrático - subpacto Demócratas e Independientes,punitaqui,,,2024-12-06,2028-12-06,,,https://www.tercoquimbo.cl/doc/elecciones/concejales/2024/Sentencia_Concejal_Punitaqui.pdf
Noelia Loreto Aguilera Zepeda,concejal,Partido Demócratas Chile,Centro Democrático - subpacto Demócratas e Independientes,punitaqui,,,2024-12-06,2028-12-06,,,https://www.tercoquimbo.cl/doc/elecciones/concejales/2024/Sentencia_Concejal_Punitaqui.pdf
Cedelinda Carmen Valdivia Moreno,concejal,Independiente,Chile mucho mejor - subpacto PPD e Independientes,punitaqui,,,2024-12-06,2028-12-06,,,https://www.tercoquimbo.cl/doc/elecciones/concejales/2024/Sentencia_Concejal_Punitaqui.pdf
Constanza Alejandra Fuentealba Araya,concejal,Independiente,Chile mucho mejor - subpacto PDC e Independientes,punitaqui,,,2024-12-06,2028-12-06,,,https://www.tercoquimbo.cl/doc/elecciones/concejales/2024/Sentencia_Concejal_Punitaqui.pdf
Solano de la Rivera Cortés,concejal,Independiente,Chile Vamos - subpacto UDI e Independientes,rio-hurtado,,,2024-12-06,2028-12-06,,,https://www.tercoquimbo.cl/doc/elecciones/concejales/2024/Sentencia_Concejal_RioHurtado.pdf
Solano Jonathan Portilla Ramírez,concejal,Independiente,Chile Vamos RN e Independientes,rio-hurtado,,,2024-12-06,2028-12-06,,,https://www.tercoquimbo.cl/doc/elecciones/concejales/2024/Sentencia_Concejal_RioHurtado.pdf
Rodrigo Jorge Alberto Hernández Muñoz,concejal,Renovación Nacional,Chile Vamos RN e Independientes,rio-hurtado,,,2024-12-06,2028-12-06,,,https://www.tercoquimbo.cl/doc/elecciones/concejales/2024/Sentencia_Concejal_RioHurtado.pdf
Edgard Benjamín Anjel Véliz,concejal,Independiente,Centro Democrático - subpacto Demócratas e Independientes,rio-hurtado,,,2024-12-06,2028-12-06,,,https://www.tercoquimbo.cl/doc/elecciones/concejales/2024/Sentencia_Concejal_RioHurtado.pdf
Claudio Arnaldo Molina Rojas,concejal,Independiente,Centro Democrático - subpacto Demócratas e Independientes,rio-hurtado,,,2024-12-06,2028-12-06,,,https://www.tercoquimbo.cl/doc/elecciones/concejales/2024/Sentencia_Concejal_RioHurtado.pdf
Juan Perines Huenchullán,concejal,Partido Demócrata Cristiano,Chile mucho mejor - subpacto PDC e Independientes,rio-hurtado,,,2024-12-06,2028-12-06,,,https://www.tercoquimbo.cl/doc/elecciones/concejales/2024/Sentencia_Concejal_RioHurtado.pdf
Rayen Alfonsina Pojomovsky Aliste,concejal,Independiente,"Por Chile, Seguimos (subpacto PC e Independientes)",la-serena,,,2024-12-06,2028-12-06,,,https://www.tercoquimbo.cl/doc/elecciones/concejales/2024/Sentencia_Concejal_LaSerena.pdf
Gladys Angélica Marín Ossandón,concejal,Partido Comunista de Chile,"Por Chile, Seguimos",la-serena,,,2024-12-06,2028-12-06,,,https://www.tercoquimbo.cl/doc/elecciones/concejales/2024/Sentencia_Concejal_LaSerena.pdf
Camilo Alejandro Araya Plaza,concejal,Independiente,"Por Chile, Seguimos (subpacto Frente Amplio e Independientes)",la-serena,,,2024-12-06,2028-12-06,,,https://www.tercoquimbo.cl/doc/elecciones/concejales/2024/Sentencia_Concejal_LaSerena.pdf
Luisa Jinete Cárcamo,concejal,Unión Demócrata Independiente (UDI),Chile Vamos UDI-Evópoli e Independientes,la-serena,,,2024-12-06,2028-12-06,,,https://www.tercoquimbo.cl/doc/elecciones/concejales/2024/Sentencia_Concejal_LaSerena.pdf
Francisca Matilde Barahona Araya,concejal,Renovación Nacional,Chile Vamos RN e Independientes,la-serena,,,2024-12-06,2028-12-06,,,https://www.tercoquimbo.cl/doc/elecciones/concejales/2024/Sentencia_Concejal_LaSerena.pdf
María Marcela Damke Marín,concejal,Renovación Nacional,Chile Vamos RN e Independientes,la-serena,,,2024-12-06,2028-12-06,,,https://www.tercoquimbo.cl/doc/elecciones/concejales/2024/Sentencia_Concejal_LaSerena.pdf
Cristian Marín Pastén,concejal,Partido Radical de Chile,Tu Comuna Radical,la-serena,,,2024-12-06,2028-12-06,,,https://www.tercoquimbo.cl/doc/elecciones/concejales/2024/Sentencia_Concejal_LaSerena.pdf
Matías Ignacio Espinosa Morales,concejal,Partido Socialista de Chile,Chile Mucho Mejor (subpacto PS e Independientes),la-serena,,,2024-12-06,2028-12-06,,,https://www.tercoquimbo.cl/doc/elecciones/concejales/2024/Sentencia_Concejal_LaSerena.pdf
Alejandro Alfonso Astudillo Olguín,concejal,Partido Republicano de Chile,Republicanos e Independientes,la-serena,,,2024-12-06,2028-12-06,,,https://www.tercoquimbo.cl/doc/elecciones/concejales/2024/Sentencia_Concejal_LaSerena.pdf
María Teresita Prouvay Cornejo,concejal,Partido Republicano de Chile,Republicanos e Independientes,la-serena,,,2024-12-06,2028-12-06,,,https://www.tercoquimbo.cl/doc/elecciones/concejales/2024/Sentencia_Concejal_LaSerena.pdf
Ignacio Hernán Plaza Ramírez,concejal,Frente Amplio,"Por Chile, Seguimos (subpacto Frente Amplio e Independientes)",coquimbo,,,2024-12-06,2028-12-06,,,https://www.tercoquimbo.cl/doc/elecciones/concejales/2024/Sentencia_Concejal_Coquimbo.pdf
Sonia Isabel Elgueda Rojas,concejal,Independiente,"Por Chile, Seguimos (subpacto PC e Independientes)",coquimbo,,,2024-12-06,2028-12-06,,,https://www.tercoquimbo.cl/doc/elecciones/concejales/2024/Sentencia_Concejal_Coquimbo.pdf
Mario Burlé Delva,concejal,Unión Demócrata Independiente (UDI),Chile Vamos UDI-Evópoli e Independientes,coquimbo,,,2024-12-06,2028-12-06,,,https://www.tercoquimbo.cl/doc/elecciones/concejales/2024/Sentencia_Concejal_Coquimbo.pdf
Cynthia Silva Cepeda,concejal,Federación Regionalista Verde Social,Verdes Liberales por una comuna segura,coquimbo,,,2024-12-06,2028-12-06,,,https://www.tercoquimbo.cl/doc/elecciones/concejales/2024/Sentencia_Concejal_Coquimbo.pdf
Vicente Ignacio Cortés Varela,concejal,Renovación Nacional,Chile Vamos RN e Independientes,coquimbo,,,2024-12-06,2028-12-06,,,https://www.tercoquimbo.cl/doc/elecciones/concejales/2024/Sentencia_Concejal_Coquimbo.pdf
Bárbara Daniela Toro Guzmán,concejal,Partido de la Gente,Partido de la Gente e Independientes,coquimbo,,,2024-12-06,2028-12-06,,,https://www.tercoquimbo.cl/doc/elecciones/concejales/2024/Sentencia_Concejal_Coquimbo.pdf
Felipe Ignacio Carrazana León,concejal,Partido Demócratas,Centro Democrático (subpacto Demócratas e Independientes),coquimbo,,,2024-12-06,2028-12-06,,,https://www.tercoquimbo.cl/doc/elecciones/concejales/2024/Sentencia_Concejal_Coquimbo.pdf
Freddy Haroldo Bonilla Rojo,concejal,Partido Socialista de Chile,Chile Mucho Mejor (subpacto PS e Independientes),coquimbo,,,2024-12-06,2028-12-06,,,https://www.tercoquimbo.cl/doc/elecciones/concejales/2024/Sentencia_Concejal_Coquimbo.pdf
Pablo Galleguillos Castillo,concejal,Independiente,Chile Mucho Mejor (subpacto PS e Independientes),coquimbo,,,2024-12-06,2028-12-06,,,https://www.tercoquimbo.cl/doc/elecciones/concejales/2024/Sentencia_Concejal_Coquimbo.pdf
Esteban Andrés Villalobos Gaete,concejal,Partido Republicano de Chile,Republicanos e Independientes,coquimbo,,,2024-12-06,2028-12-06,,,https://www.tercoquimbo.cl/doc/elecciones/concejales/2024/Sentencia_Concejal_Coquimbo.pdf
Fernando Alejandro Álvarez Rojas,concejal,Frente Amplio,"Por Chile, Seguimos (subpacto Frente Amplio e Independientes)",vicuna,,,2024-12-06,2028-12-06,,,https://www.tercoquimbo.cl/doc/elecciones/concejales/2024/Sentencia_Concejal_Vicuna.pdf
Fernando Rubén Guamán Guamán,concejal,Independiente,Chile Vamos UDI-Evópoli e Independientes (subpacto UDI),vicuna,,,2024-12-06,2028-12-06,,,https://www.tercoquimbo.cl/doc/elecciones/concejales/2024/Sentencia_Concejal_Vicuna.pdf
David Vergara Cortés,concejal,Independiente,Chile Vamos UDI-Evópoli e Independientes (subpacto UDI),vicuna,,,2024-12-06,2028-12-06,,,https://www.tercoquimbo.cl/doc/elecciones/concejales/2024/Sentencia_Concejal_Vicuna.pdf
Cristian Amador Pinto Torres,concejal,Renovación Nacional,Chile Vamos RN e Independientes,vicuna,,,2024-12-06,2028-12-06,,,https://www.tercoquimbo.cl/doc/elecciones/concejales/2024/Sentencia_Concejal_Vicuna.pdf
Caroll Paulina Alcayaga Callejas,concejal,Partido Socialista de Chile,Chile Mucho Mejor (subpacto PS e Independientes),vicuna,,,2024-12-06,2028-12-06,,,https://www.tercoquimbo.cl/doc/elecciones/concejales/2024/Sentencia_Concejal_Vicuna.pdf
Margarita Ernestina Rodríguez Portilla,concejal,Independiente,Chile Mucho Mejor (subpacto PPD e Independientes),vicuna,,,2024-12-06,2028-12-06,,,https://www.tercoquimbo.cl/doc/elecciones/concejales/2024/Sentencia_Concejal_Vicuna.pdf
Javier Ernesto Cifuentes González,concejal,Partido Comunista de Chile,"Por Chile, Seguimos",andacollo,,,2024-12-06,2028-12-06,,,https://www.tercoquimbo.cl/doc/elecciones/concejales/2024/Sentencia_Concejal_Andacollo.pdf
René Alex Olivarez Cortés,concejal,Independiente,Chile Vamos UDI-Evópoli e Independientes (subpacto UDI),andacollo,,,2024-12-06,2028-12-06,,,https://www.tercoquimbo.cl/doc/elecciones/concejales/2024/Sentencia_Concejal_Andacollo.pdf
Ana Alejandra Jeraldo Ramos,concejal,Renovación Nacional,Chile Vamos RN e Independientes,andacollo,,,2024-12-06,2028-12-06,,,https://www.tercoquimbo.cl/doc/elecciones/concejales/2024/Sentencia_Concejal_Andacollo.pdf
Joaquín Antonio Zepeda Rojas,concejal,Partido Demócratas,Centro Democrático (subpacto Demócratas e Independientes),andacollo,,,2024-12-06,2028-12-06,,,https://www.tercoquimbo.cl/doc/elecciones/concejales/2024/Sentencia_Concejal_Andacollo.pdf
Luis Toledo Cuello,concejal,Partido Socialista de Chile,Chile Mucho Mejor (subpacto PS e Independientes),andacollo,,,2024-12-06,2028-12-06,,,https://www.tercoquimbo.cl/doc/elecciones/concejales/2024/Sentencia_Concejal_Andacollo.pdf
César Rojas Flores,concejal,Independiente,Chile Mucho Mejor (subpacto PDC e Independientes),andacollo,,,2024-12-06,2028-12-06,,,https://www.tercoquimbo.cl/doc/elecciones/concejales/2024/Sentencia_Concejal_Andacollo.pdf
Diego Alejandro Iglesias Aguirre,concejal,Unión Demócrata Independiente (UDI),Chile Vamos UDI-Evópoli e Independientes,paihuano,,,2024-12-06,2028-12-06,,,https://www.tercoquimbo.cl/doc/elecciones/concejales/2024/Sentencia_Concejal_Paihuano.pdf
Marta Elena Ahumada Varela,concejal,Renovación Nacional,Chile Vamos RN e Independientes,paihuano,,,2024-12-06,2028-12-06,,,https://www.tercoquimbo.cl/doc/elecciones/concejales/2024/Sentencia_Concejal_Paihuano.pdf
Sergio Alfredo Pérez Pacheco,concejal,Renovación Nacional,Chile Vamos RN e Independientes,paihuano,,,2024-12-06,2028-12-06,,,https://www.tercoquimbo.cl/doc/elecciones/concejales/2024/Sentencia_Concejal_Paihuano.pdf
Orlando Rodrigo Chelme Aliaga,concejal,Partido Por la Democracia (PPD),Chile Mucho Mejor (subpacto PPD e Independientes),paihuano,,,2024-12-06,2028-12-06,,,https://www.tercoquimbo.cl/doc/elecciones/concejales/2024/Sentencia_Concejal_Paihuano.pdf
Juan Guillermo Pizarro Zepeda,concejal,Partido Demócrata Cristiano (PDC),Chile Mucho Mejor (subpacto PDC e Independientes),paihuano,,,2024-12-06,2028-12-06,,,https://www.tercoquimbo.cl/doc/elecciones/concejales/2024/Sentencia_Concejal_Paihuano.pdf
José Antonio Cortés Portilla,concejal,Partido Socialista de Chile,Chile Mucho Mejor (subpacto PS e Independientes),paihuano,,,2024-12-06,2028-12-06,,,https://www.tercoquimbo.cl/doc/elecciones/concejales/2024/Sentencia_Concejal_Paihuano.pdf
Urbano Enrique Morales González,concejal,Partido Comunista de Chile,"Por Chile, Seguimos",la-higuera,,,2024-12-06,2028-12-06,,,https://www.tercoquimbo.cl/doc/elecciones/concejales/2024/Sentencia_Concejal_LaHiguera.pdf
Ivana Patricia Godoy Ahumada,concejal,Unión Demócrata Independiente (UDI),Chile Vamos UDI-Evópoli e Independientes,la-higuera,,,2024-12-06,2028-12-06,,,https://www.tercoquimbo.cl/doc/elecciones/concejales/2024/Sentencia_Concejal_LaHiguera.pdf
Roquer Javier González Rojas,concejal,Unión Demócrata Independiente (UDI),Chile Vamos UDI-Evópoli e Independientes,la-higuera,,,2024-12-06,2028-12-06,,,https://www.tercoquimbo.cl/doc/elecciones/concejales/2024/Sentencia_Concejal_LaHiguera.pdf
Yudis Yael González Rivera,concejal,Independiente,Chile Vamos RN e Independientes (subpacto RN),la-higuera,,,2024-12-06,2028-12-06,,,https://www.tercoquimbo.cl/doc/elecciones/concejales/2024/Sentencia_Concejal_LaHiguera.pdf
Ivonne del Carmen Valenzuela Valenzuela,concejal,Independiente,Chile Mucho Mejor (subpacto PS e Independientes),la-higuera,,,2024-12-06,2028-12-06,,,https://www.tercoquimbo.cl/doc/elecciones/concejales/2024/Sentencia_Concejal_LaHiguera.pdf
Luis Rivera Ponce,concejal,Independiente,Chile Mucho Mejor (subpacto PS e Independientes),la-higuera,,,2024-12-06,2028-12-06,,,https://www.tercoquimbo.cl/doc/elecciones/concejales/2024/Sentencia_Concejal_LaHiguera.pdf
