Nro.Región,Región,Comuna,Inscritos,Votación,Participacion_pct
1,DE TARAPACA,ALTO HOSPICIO,60343,24569,40.715575957443285
1,DE TARAPACA,CAMIÑA,2639,883,33.45964380447139
1,DE TARAPACA,COLCHANE,3217,915,28.442648430214483
1,DE TARAPACA,HUARA,9045,1725,19.071310116086234
1,DE TARAPACA,IQUIQUE,167349,74543,44.54343916007864
1,DE TARAPACA,PICA,5663,2564,45.27635528871623
1,DE TARAPACA,POZO ALMONTE,11891,5155,43.35211504499201
2,DE ANTOFAGASTA,ANTOFAGASTA,289086,123689,42.78622970327169
2,DE ANTOFAGASTA,CALAMA,131956,58027,43.974506653733066
2,DE ANTOFAGASTA,MARIA ELENA,6173,1838,29.77482585452778
2,DE ANTOFAGASTA,MEJILLONES,10072,3909,38.810563939634626
2,DE ANTOFAGASTA,OLLAGUE,1663,372,22.369212266987372
2,DE ANTOFAGASTA,SAN PEDRO DE ATACAMA,7279,3310,45.47327929660668
2,DE ANTOFAGASTA,SIERRA GORDA,2882,644,22.345593337959752
2,DE ANTOFAGASTA,TALTAL,10493,3651,34.7946249880873
2,DE ANTOFAGASTA,TOCOPILLA,22196,8398,37.835646062353575
3,DE ATACAMA,ALTO DEL CARMEN,5148,1964,38.15073815073815
3,DE ATACAMA,CALDERA,15266,7291,47.75972749901742
3,DE ATACAMA,CHAÑARAL,11980,4934,41.18530884808013
3,DE ATACAMA,COPIAPO,124441,56445,45.35884475373872
3,DE ATACAMA,DIEGO DE ALMAGRO,13101,4694,35.829326005648426
3,DE ATACAMA,FREIRINA,6051,2665,44.04230705668484
3,DE ATACAMA,HUASCO,8454,3913,46.285781878400755
3,DE ATACAMA,TIERRA AMARILLA,12649,5072,40.09803146493794
3,DE ATACAMA,VALLENAR,45689,20207,44.227275711878136
4,DE COQUIMBO,ANDACOLLO,11278,4700,41.67405568363185
4,DE COQUIMBO,CANELA,9203,3903,42.41008366836901
4,DE COQUIMBO,COMBARBALA,12522,5073,40.512697652132246
4,DE COQUIMBO,COQUIMBO,171212,72860,42.555428357825384
4,DE COQUIMBO,ILLAPEL,27992,12050,43.048013718205205
4,DE COQUIMBO,LA HIGUERA,4487,1787,39.826164475150435
4,DE COQUIMBO,LA SERENA,179322,83825,46.74551923355751
4,DE COQUIMBO,LOS VILOS,18641,7975,42.782039590150745
4,DE COQUIMBO,MONTE PATRIA,28145,10250,36.41854681115651
4,DE COQUIMBO,OVALLE,92330,37271,40.367161269359904
4,DE COQUIMBO,PAIHUANO,5295,2118,40.0
4,DE COQUIMBO,PUNITAQUI,10782,4132,38.323131144500096
4,DE COQUIMBO,RIO HURTADO,4933,1789,36.26596391648084
4,DE COQUIMBO,SALAMANCA,23633,9978,42.22062370414251
4,DE COQUIMBO,VICUÑA,23805,9304,39.08422600294056
5,DE VALPARAISO,ALGARROBO,14805,8217,55.5015197568389
5,DE VALPARAISO,CABILDO,18033,7887,43.73648311429047
5,DE VALPARAISO,CALERA,44870,21673,48.301760641854244
5,DE VALPARAISO,CALLE LARGA,11602,6439,55.49905188760559
5,DE VALPARAISO,CARTAGENA,18730,8833,47.159636946075814
5,DE VALPARAISO,CASABLANCA,22793,10970,48.12881147720792
5,DE VALPARAISO,CATEMU,12173,5237,43.02144089378132
5,DE VALPARAISO,CONCON,40829,25003,61.238335496828235
5,DE VALPARAISO,EL QUISCO,14675,7826,53.32879045996592
5,DE VALPARAISO,EL TABO,12832,7145,55.681109725685786
5,DE VALPARAISO,HIJUELAS,15727,7422,47.192725885419975
5,DE VALPARAISO,ISLA DE PASCUA,6493,3027,46.619436316032655
5,DE VALPARAISO,JUAN FERNANDEZ,930,321,34.516129032258064
5,DE VALPARAISO,LA CRUZ,16779,9252,55.140354013946
5,DE VALPARAISO,LA LIGUA,30495,14670,48.10624692572553
5,DE VALPARAISO,LIMACHE,40056,19566,48.84661473936489
5,DE VALPARAISO,LLAILLAY,21043,10412,49.47963693389726
5,DE VALPARAISO,LOS ANDES,55912,29518,52.79367577621977
5,DE VALPARAISO,NOGALES,19714,9377,47.565182104088464
5,DE VALPARAISO,OLMUE,16687,7977,47.80367951099658
5,DE VALPARAISO,PANQUEHUE,6644,3330,50.120409391932576
5,DE VALPARAISO,PAPUDO,6309,3639,57.67950546837851
5,DE VALPARAISO,PETORCA,9415,4167,44.259160913436006
5,DE VALPARAISO,PUCHUNCAVI,16733,8870,53.0090240841451
5,DE VALPARAISO,PUTAENDO,14163,6547,46.226082044764524
5,DE VALPARAISO,QUILLOTA,75874,36875,48.600311041990665
5,DE VALPARAISO,QUILPUE,135645,70909,52.27542482214604
5,DE VALPARAISO,QUINTERO,25195,12385,49.15657868624727
5,DE VALPARAISO,RINCONADA,9605,5218,54.32587194169704
5,DE VALPARAISO,SAN ANTONIO,78647,39155,49.78575152262642
5,DE VALPARAISO,SAN ESTEBAN,15496,8401,54.2139907072793
5,DE VALPARAISO,SAN FELIPE,60113,29875,49.69806863739956
5,DE VALPARAISO,SANTA MARIA,12169,6056,49.76579834004438
5,DE VALPARAISO,SANTO DOMINGO,11869,7466,62.903361698542426
5,DE VALPARAISO,VALPARAISO,287931,131167,45.555011443713944
5,DE VALPARAISO,VILLA ALEMANA,100481,51653,51.40573839830416
5,DE VALPARAISO,VIÑA DEL MAR,302008,151025,50.006953458186544
5,DE VALPARAISO,ZAPALLAR,9155,5466,59.70507919169853
6,DEL LIBERTADOR GENERAL BERNARDO O'HIGGINS,CHEPICA,13827,5195,37.571418239676
6,DEL LIBERTADOR GENERAL BERNARDO O'HIGGINS,CHIMBARONGO,30692,13482,43.92675615795647
6,DEL LIBERTADOR GENERAL BERNARDO O'HIGGINS,CODEGUA,11661,5409,46.38538718806277
6,DEL LIBERTADOR GENERAL BERNARDO O'HIGGINS,COINCO,7305,3331,45.59890485968515
6,DEL LIBERTADOR GENERAL BERNARDO O'HIGGINS,COLTAUCO,16381,7216,44.05103473536414
6,DEL LIBERTADOR GENERAL BERNARDO O'HIGGINS,DOÑIHUE,18597,8828,47.470022046566655
6,DEL LIBERTADOR GENERAL BERNARDO O'HIGGINS,GRANEROS,27062,13578,50.173675264208114
6,DEL LIBERTADOR GENERAL BERNARDO O'HIGGINS,LA ESTRELLA,3799,1843,48.51276651750461
6,DEL LIBERTADOR GENERAL BERNARDO O'HIGGINS,LAS CABRAS,20829,9048,43.43943540256373
6,DEL LIBERTADOR GENERAL BERNARDO O'HIGGINS,LITUECHE,6624,3186,48.09782608695652
6,DEL LIBERTADOR GENERAL BERNARDO O'HIGGINS,LOLOL,6957,3026,43.49575966652293
6,DEL LIBERTADOR GENERAL BERNARDO O'HIGGINS,MACHALI,38282,20632,53.894780836946865
6,DEL LIBERTADOR GENERAL BERNARDO O'HIGGINS,MALLOA,12391,5462,44.08038092163667
6,DEL LIBERTADOR GENERAL BERNARDO O'HIGGINS,MARCHIGUE,7159,3104,43.358010895376445
6,DEL LIBERTADOR GENERAL BERNARDO O'HIGGINS,MOSTAZAL,21204,9853,46.4676476136578
6,DEL LIBERTADOR GENERAL BERNARDO O'HIGGINS,NANCAGUA,15306,6881,44.9562263164772
6,DEL LIBERTADOR GENERAL BERNARDO O'HIGGINS,NAVIDAD,7214,3246,44.99584141946216
6,DEL LIBERTADOR GENERAL BERNARDO O'HIGGINS,OLIVAR,12567,6280,49.97214927985995
6,DEL LIBERTADOR GENERAL BERNARDO O'HIGGINS,PALMILLA,10565,4703,44.514907714150496
6,DEL LIBERTADOR GENERAL BERNARDO O'HIGGINS,PAREDONES,7049,3094,43.8927507447865
6,DEL LIBERTADOR GENERAL BERNARDO O'HIGGINS,PERALILLO,10158,4443,43.73892498523331
6,DEL LIBERTADOR GENERAL BERNARDO O'HIGGINS,PEUMO,12895,6030,46.76231097324545
6,DEL LIBERTADOR GENERAL BERNARDO O'HIGGINS,PICHIDEGUA,17017,6955,40.87089381207028
6,DEL LIBERTADOR GENERAL BERNARDO O'HIGGINS,PICHILEMU,16735,8526,50.94711682103377
6,DEL LIBERTADOR GENERAL BERNARDO O'HIGGINS,PLACILLA,8296,3962,47.7579556412729
6,DEL LIBERTADOR GENERAL BERNARDO O'HIGGINS,PUMANQUE,4262,1929,45.26044110746128
6,DEL LIBERTADOR GENERAL BERNARDO O'HIGGINS,QUINTA DE TILCOCO,12463,5892,47.27593677284763
6,DEL LIBERTADOR GENERAL BERNARDO O'HIGGINS,RANCAGUA,195074,95643,49.029086397982304
6,DEL LIBERTADOR GENERAL BERNARDO O'HIGGINS,RENGO,49052,23343,47.58827366875968
6,DEL LIBERTADOR GENERAL BERNARDO O'HIGGINS,REQUINOA,23324,11615,49.798490824901386
6,DEL LIBERTADOR GENERAL BERNARDO O'HIGGINS,SAN FERNANDO,63060,30608,48.53790041230574
6,DEL LIBERTADOR GENERAL BERNARDO O'HIGGINS,SAN VICENTE,40881,18941,46.33203688755167
6,DEL LIBERTADOR GENERAL BERNARDO O'HIGGINS,SANTA CRUZ,31615,13589,42.98276134746165
7,DEL MAULE,CAUQUENES,37684,15940,42.29911898949156
7,DEL MAULE,CHANCO,9369,3654,39.00096061479347
7,DEL MAULE,COLBUN,18716,7739,41.349647360547124
7,DEL MAULE,CONSTITUCION,40149,17751,44.21280729283419
7,DEL MAULE,CUREPTO,10330,4129,39.97095837366892
7,DEL MAULE,CURICO,118541,58487,49.339047249474866
7,DEL MAULE,EMPEDRADO,4523,1835,40.57041786424939
7,DEL MAULE,HUALAÑE,9788,4218,43.09358398038414
7,DEL MAULE,LICANTEN,6897,3054,44.28012179208351
7,DEL MAULE,LINARES,82252,37158,45.1758011963235
7,DEL MAULE,LONGAVI,27055,10230,37.81186472001479
7,DEL MAULE,MAULE,25279,12196,48.245579334625575
7,DEL MAULE,MOLINA,39735,19131,48.14647036617591
7,DEL MAULE,PARRAL,38210,16955,44.37320073279246
7,DEL MAULE,PELARCO,8675,3693,42.570605187319885
7,DEL MAULE,PELLUHUE,7912,4124,52.123356926188066
7,DEL MAULE,PENCAHUE,10371,4875,47.00607463118311
7,DEL MAULE,RAUCO,10014,4387,43.80866786498901
7,DEL MAULE,RETIRO,17799,7381,41.468621832687234
7,DEL MAULE,RIO CLARO,12186,5579,45.78204496963728
7,DEL MAULE,ROMERAL,14037,6502,46.32043884020802
7,DEL MAULE,SAGRADA FAMILIA,16115,7460,46.2922742786224
7,DEL MAULE,SAN CLEMENTE,37611,15078,40.089335566722504
7,DEL MAULE,SAN JAVIER,39506,16119,40.801397256113
7,DEL MAULE,SAN RAFAEL,8670,4168,48.07381776239908
7,DEL MAULE,TALCA,181299,92551,51.048819905239405
7,DEL MAULE,TENO,25073,9920,39.56447174251186
7,DEL MAULE,VICHUQUEN,5335,2782,52.146204311152765
7,DEL MAULE,VILLA ALEGRE,14020,5971,42.589158345221115
7,DEL MAULE,YERBAS BUENAS,15095,6445,42.69625703875455
8,DEL BIOBIO,ALTO BIOBIO,5583,2008,35.96632634784166
8,DEL BIOBIO,ANTUCO,4687,1880,40.11094516748453
8,DEL BIOBIO,ARAUCO,31244,14605,46.74497503520676
8,DEL BIOBIO,CABRERO,25305,10955,43.291839557399726
8,DEL BIOBIO,CAÑETE,29725,12701,42.72834314550042
8,DEL BIOBIO,CHIGUAYANTE,68015,34655,50.95199588326105
8,DEL BIOBIO,CONCEPCION,200269,98990,49.42851864242594
8,DEL BIOBIO,CONTULMO,6114,2755,45.06051684658161
8,DEL BIOBIO,CORONEL,90394,41935,46.39135340841206
8,DEL BIOBIO,CURANILAHUE,30382,12542,41.281021657560395
8,DEL BIOBIO,FLORIDA,10550,4739,44.91943127962085
8,DEL BIOBIO,HUALPEN,77313,39654,51.29020992588569
8,DEL BIOBIO,HUALQUI,20705,8676,41.90292199951703
8,DEL BIOBIO,LAJA,21631,9093,42.036891498312606
8,DEL BIOBIO,LEBU,22302,9087,40.745224643529724
8,DEL BIOBIO,LOS ALAMOS,18230,7945,43.58200767964893
8,DEL BIOBIO,LOS ANGELES,164725,70502,42.799817878281985
8,DEL BIOBIO,LOTA,47446,21543,45.40530287063188
8,DEL BIOBIO,MULCHEN,26746,10150,37.94959994017797
8,DEL BIOBIO,NACIMIENTO,24563,10736,43.70801612180922
8,DEL BIOBIO,NEGRETE,9084,3798,41.809775429326294
8,DEL BIOBIO,PENCO,42186,21132,50.0924477314749
8,DEL BIOBIO,QUILACO,4359,1868,42.853865565496676
8,DEL BIOBIO,QUILLECO,9620,3931,40.86278586278586
8,DEL BIOBIO,SAN PEDRO DE LA PAZ,91391,46764,51.16915232353295
8,DEL BIOBIO,SAN ROSENDO,4362,1933,44.3145346171481
8,DEL BIOBIO,SANTA BARBARA,13350,5201,38.95880149812734
8,DEL BIOBIO,SANTA JUANA,13026,5416,41.578381698142174
8,DEL BIOBIO,TALCAHUANO,131721,63751,48.39850896971629
8,DEL BIOBIO,TIRUA,9123,3844,42.13526252329277
8,DEL BIOBIO,TOME,50014,23036,46.059103451033714
8,DEL BIOBIO,TUCAPEL,13197,5803,43.97211487459271
8,DEL BIOBIO,YUMBEL,20248,8767,43.29810351639668
9,DE LA ARAUCANIA,ANGOL,46976,21457,45.67651566757493
9,DE LA ARAUCANIA,CARAHUE,24663,9633,39.05850869723878
9,DE LA ARAUCANIA,CHOLCHOL,11149,5396,48.398959547941516
9,DE LA ARAUCANIA,COLLIPULLI,22172,9624,43.40609778098503
9,DE LA ARAUCANIA,CUNCO,20105,7987,39.72643620989803
9,DE LA ARAUCANIA,CURACAUTIN,21097,7814,37.038441484571266
9,DE LA ARAUCANIA,CURARREHUE,8521,2943,34.53819974181434
9,DE LA ARAUCANIA,ERCILLA,8036,2972,36.98357391737183
9,DE LA ARAUCANIA,FREIRE,22892,9411,41.11043159182247
9,DE LA ARAUCANIA,GALVARINO,12092,5229,43.243466754879265
9,DE LA ARAUCANIA,GORBEA,15651,6626,42.335952974250844
9,DE LA ARAUCANIA,LAUTARO,34520,15591,45.16512166859791
9,DE LA ARAUCANIA,LONCOCHE,23234,9640,41.49091848153568
9,DE LA ARAUCANIA,LONQUIMAY,12115,4737,39.100288898060256
9,DE LA ARAUCANIA,LOS SAUCES,7464,3571,47.842979635584136
9,DE LA ARAUCANIA,LUMACO,9187,4242,46.17394143898988
9,DE LA ARAUCANIA,MELIPEUCO,7723,2250,29.133756312313867
9,DE LA ARAUCANIA,NUEVA IMPERIAL,30850,13487,43.717990275526745
9,DE LA ARAUCANIA,PADRE LAS CASAS,59516,26103,43.85879427380872
9,DE LA ARAUCANIA,PERQUENCO,6814,3006,44.115057235104196
9,DE LA ARAUCANIA,PITRUFQUEN,23226,10131,43.61921983983466
9,DE LA ARAUCANIA,PUCON,29594,12408,41.92741771980807
9,DE LA ARAUCANIA,PUREN,12240,5341,43.63562091503268
9,DE LA ARAUCANIA,RENAICO,9806,4347,44.33000203956761
9,DE LA ARAUCANIA,SAAVEDRA,13239,5200,39.27789107938666
9,DE LA ARAUCANIA,TEMUCO,238028,120918,50.7999058934243
9,DE LA ARAUCANIA,TEODORO SCHMIDT,14052,6528,46.45602049530316
9,DE LA ARAUCANIA,TOLTEN,10554,4582,43.41481902596172
9,DE LA ARAUCANIA,TRAIGUEN,18595,8081,43.4579187953751
9,DE LA ARAUCANIA,VICTORIA,32607,14906,45.714110467077624
9,DE LA ARAUCANIA,VILCUN,24718,10879,44.01246055506109
9,DE LA ARAUCANIA,VILLARRICA,56170,25099,44.68399501513263
10,DE LOS LAGOS,ANCUD,38912,15884,40.8203125
10,DE LOS LAGOS,CALBUCO,32505,11463,35.26534379326257
10,DE LOS LAGOS,CASTRO,41866,17877,42.70052070892849
10,DE LOS LAGOS,CHAITEN,5094,1550,30.427954456223006
10,DE LOS LAGOS,CHONCHI,13357,5346,40.02395747548102
10,DE LOS LAGOS,COCHAMO,4636,1589,34.27523727351165
10,DE LOS LAGOS,CURACO DE VELEZ,3770,1266,33.58090185676393
10,DE LOS LAGOS,DALCAHUE,12772,4407,34.50516755402443
10,DE LOS LAGOS,FRESIA,12172,5405,44.40519224449556
10,DE LOS LAGOS,FRUTILLAR,17227,8486,49.259882742207
10,DE LOS LAGOS,FUTALEUFU,3885,1079,27.773487773487776
10,DE LOS LAGOS,HUALAIHUE,8774,3728,42.48917255527695
10,DE LOS LAGOS,LLANQUIHUE,16207,7967,49.15777133337447
10,DE LOS LAGOS,LOS MUERMOS,16423,6817,41.50885952627413
10,DE LOS LAGOS,MAULLIN,15329,5594,36.492921912714465
10,DE LOS LAGOS,OSORNO,143216,68131,47.572198637023796
10,DE LOS LAGOS,PALENA,2322,811,34.92678725236865
10,DE LOS LAGOS,PUERTO MONTT,189727,88775,46.79091536787068
10,DE LOS LAGOS,PUERTO OCTAY,9074,4117,45.371390786863564
10,DE LOS LAGOS,PUERTO VARAS,43875,23268,53.03247863247863
10,DE LOS LAGOS,PUQUELDON,4406,1331,30.20880617339991
10,DE LOS LAGOS,PURRANQUE,19788,9126,46.11885991510006
10,DE LOS LAGOS,PUYEHUE,11691,5097,43.59763920964845
10,DE LOS LAGOS,QUEILEN,6234,2403,38.54667949951877
10,DE LOS LAGOS,QUELLON,23017,8782,38.154407611765215
10,DE LOS LAGOS,QUEMCHI,8963,2865,31.96474394733906
10,DE LOS LAGOS,QUINCHAO,9251,2534,27.39163333693655
10,DE LOS LAGOS,RIO NEGRO,13459,6343,47.12831562523219
10,DE LOS LAGOS,SAN JUAN DE LA COSTA,8249,4037,48.93926536549885
10,DE LOS LAGOS,SAN PABLO,10152,4873,48.00039401103231
11,DE AYSEN DEL GENERAL CARLOS IBAÑEZ DEL CAMPO,AYSEN,22646,9143,40.37357590744502
11,DE AYSEN DEL GENERAL CARLOS IBAÑEZ DEL CAMPO,CHILE CHICO,6423,1941,30.219523587108828
11,DE AYSEN DEL GENERAL CARLOS IBAÑEZ DEL CAMPO,CISNES,4642,2115,45.56225764756571
11,DE AYSEN DEL GENERAL CARLOS IBAÑEZ DEL CAMPO,COCHRANE,3384,1440,42.5531914893617
11,DE AYSEN DEL GENERAL CARLOS IBAÑEZ DEL CAMPO,COYHAIQUE,54221,23138,42.67350288633555
11,DE AYSEN DEL GENERAL CARLOS IBAÑEZ DEL CAMPO,GUAITECAS,1696,499,29.422169811320753
11,DE AYSEN DEL GENERAL CARLOS IBAÑEZ DEL CAMPO,LAGO VERDE,1247,476,38.17161186848436
11,DE AYSEN DEL GENERAL CARLOS IBAÑEZ DEL CAMPO,O'HIGGINS,758,325,42.87598944591029
11,DE AYSEN DEL GENERAL CARLOS IBAÑEZ DEL CAMPO,RIO IBAÑEZ,2971,1385,46.61730057219791
11,DE AYSEN DEL GENERAL CARLOS IBAÑEZ DEL CAMPO,TORTEL,570,215,37.719298245614034
12,DE MAGALLANES Y DE LA ANTARTICA CHILENA,ANTARTICA,233,47,20.171673819742487
12,DE MAGALLANES Y DE LA ANTARTICA CHILENA,CABO DE HORNOS(EX-NAVARINO),1862,878,47.15359828141783
12,DE MAGALLANES Y DE LA ANTARTICA CHILENA,LAGUNA BLANCA,822,306,37.22627737226277
12,DE MAGALLANES Y DE LA ANTARTICA CHILENA,NATALES,22672,8281,36.52522935779817
12,DE MAGALLANES Y DE LA ANTARTICA CHILENA,PORVENIR,6108,2328,38.1139489194499
12,DE MAGALLANES Y DE LA ANTARTICA CHILENA,PRIMAVERA,1229,313,25.467860048820178
12,DE MAGALLANES Y DE LA ANTARTICA CHILENA,PUNTA ARENAS,121724,56586,46.48713482961454
12,DE MAGALLANES Y DE LA ANTARTICA CHILENA,RIO VERDE,750,258,34.4
12,DE MAGALLANES Y DE LA ANTARTICA CHILENA,SAN GREGORIO,715,249,34.82517482517483
12,DE MAGALLANES Y DE LA ANTARTICA CHILENA,TIMAUKEL,734,171,23.29700272479564
12,DE MAGALLANES Y DE LA ANTARTICA CHILENA,TORRES DEL PAINE,1634,610,37.33170134638923
13,METROPOLITANA DE SANTIAGO,ALHUE,6118,2512,41.05916966328866
13,METROPOLITANA DE SANTIAGO,BUIN,78010,39906,51.15498013075247
13,METROPOLITANA DE SANTIAGO,CALERA DE TANGO,22524,10603,47.074231930385366
13,METROPOLITANA DE SANTIAGO,CERRILLOS,66557,31015,46.59915561098006
13,METROPOLITANA DE SANTIAGO,CERRO NAVIA,113693,49019,43.11523136868585
13,METROPOLITANA DE SANTIAGO,COLINA,94052,47059,50.03508697316378
13,METROPOLITANA DE SANTIAGO,CONCHALI,116290,53662,46.144982371657065
13,METROPOLITANA DE SANTIAGO,CURACAVI,27147,13610,50.13445316241205
13,METROPOLITANA DE SANTIAGO,EL BOSQUE,135969,61729,45.399318962410554
13,METROPOLITANA DE SANTIAGO,EL MONTE,28129,13563,48.21714245085143
13,METROPOLITANA DE SANTIAGO,ESTACION CENTRAL,125639,53301,42.423928875588
13,METROPOLITANA DE SANTIAGO,HUECHURABA,74581,40249,53.96682801249648
13,METROPOLITANA DE SANTIAGO,INDEPENDENCIA,82526,33877,41.050093303928456
13,METROPOLITANA DE SANTIAGO,ISLA DE MAIPO,28606,13903,48.601691952737184
13,METROPOLITANA DE SANTIAGO,LA CISTERNA,81931,39656,48.40170387277099
13,METROPOLITANA DE SANTIAGO,LA FLORIDA,308805,161520,52.304852576868896
13,METROPOLITANA DE SANTIAGO,LA GRANJA,102187,45371,44.399972599254305
13,METROPOLITANA DE SANTIAGO,LA PINTANA,137994,55718,40.37711784570344
13,METROPOLITANA DE SANTIAGO,LA REINA,90939,56792,62.45065373492121
13,METROPOLITANA DE SANTIAGO,LAMPA,62829,29141,46.381448057425715
13,METROPOLITANA DE SANTIAGO,LAS CONDES,271386,171671,63.25713190805716
13,METROPOLITANA DE SANTIAGO,LO BARNECHEA,84259,55042,65.32477242787121
13,METROPOLITANA DE SANTIAGO,LO ESPEJO,88815,38117,42.91730000562968
13,METROPOLITANA DE SANTIAGO,LO PRADO,86901,40181,46.23767275405346
13,METROPOLITANA DE SANTIAGO,MACUL,100045,54600,54.575441051526816
13,METROPOLITANA DE SANTIAGO,MAIPU,392526,208248,53.053300927836624
13,METROPOLITANA DE SANTIAGO,MARIA PINTO,11862,5553,46.813353566009106
13,METROPOLITANA DE SANTIAGO,MELIPILLA,98064,41499,42.31828193832599
13,METROPOLITANA DE SANTIAGO,PADRE HURTADO,46684,25046,53.65007283009168
13,METROPOLITANA DE SANTIAGO,PAINE,55091,26801,48.64859958976965
13,METROPOLITANA DE SANTIAGO,PEDRO AGUIRRE CERDA,91490,45349,49.567165810471096
13,METROPOLITANA DE SANTIAGO,PEÑAFLOR,73422,37435,50.98608046634524
13,METROPOLITANA DE SANTIAGO,PEÑALOLEN,190640,95956,50.33361309274025
13,METROPOLITANA DE SANTIAGO,PIRQUE,23505,12852,54.67772814294831
13,METROPOLITANA DE SANTIAGO,PROVIDENCIA,170892,96543,56.49357488940383
13,METROPOLITANA DE SANTIAGO,PUDAHUEL,169810,81202,47.819327483658206
13,METROPOLITANA DE SANTIAGO,PUENTE ALTO,403129,192293,47.70011584381178
13,METROPOLITANA DE SANTIAGO,QUILICURA,141793,69625,49.10327026016799
13,METROPOLITANA DE SANTIAGO,QUINTA NORMAL,101182,46094,45.555533592931546
13,METROPOLITANA DE SANTIAGO,RECOLETA,140460,62051,44.17698989036025
13,METROPOLITANA DE SANTIAGO,RENCA,115788,51236,44.249835907002456
13,METROPOLITANA DE SANTIAGO,SAN BERNARDO,228550,98771,43.216364034128205
13,METROPOLITANA DE SANTIAGO,SAN JOAQUIN,80763,39445,48.840434357317086
13,METROPOLITANA DE SANTIAGO,SAN JOSE DE MAIPO,16006,8092,50.556041484443334
13,METROPOLITANA DE SANTIAGO,SAN MIGUEL,105216,53098,50.46570863746959
13,METROPOLITANA DE SANTIAGO,SAN PEDRO,8577,3644,42.48571761688236
13,METROPOLITANA DE SANTIAGO,SAN RAMON,80041,34191,42.716857610474634
13,METROPOLITANA DE SANTIAGO,SANTIAGO,339067,136398,40.227447672583885
13,METROPOLITANA DE SANTIAGO,TALAGANTE,58940,31476,53.403461146929075
13,METROPOLITANA DE SANTIAGO,TILTIL,14962,7207,48.16869402486299
13,METROPOLITANA DE SANTIAGO,VITACURA,88802,61512,69.26871016418549
13,METROPOLITANA DE SANTIAGO,ÑUÑOA,198985,123031,61.82928361434279
14,DE LOS RIOS,CORRAL,5546,2310,41.65164082221421
14,DE LOS RIOS,FUTRONO,14801,6626,44.76724545638808
14,DE LOS RIOS,LA UNION,35752,16241,45.426829268292686
14,DE LOS RIOS,LAGO RANCO,9616,4430,46.06905158069883
14,DE LOS RIOS,LANCO,16367,6782,41.437037942200774
14,DE LOS RIOS,LOS LAGOS,19109,7758,40.59867078340049
14,DE LOS RIOS,MAFIL,7191,3417,47.5177304964539
14,DE LOS RIOS,MARIQUINA,19123,7917,41.40040788579198
14,DE LOS RIOS,PAILLACO,19298,8541,44.25847238055757
14,DE LOS RIOS,PANGUIPULLI,35619,13820,38.79951711165389
14,DE LOS RIOS,RIO BUENO,30798,13435,43.62296253003442
14,DE LOS RIOS,VALDIVIA,139836,70848,50.66506479018279
15,DE ARICA Y PARINACOTA,ARICA,180736,82303,45.53769033286119
15,DE ARICA Y PARINACOTA,CAMARONES,3196,1067,33.385481852315394
15,DE ARICA Y PARINACOTA,GENERAL LAGOS,1948,513,26.3347022587269
15,DE ARICA Y PARINACOTA,PUTRE,5748,2001,34.81210855949895
16,DE ÑUBLE,BULNES,20644,8722,42.24956403797714
16,DE ÑUBLE,CHILLAN,153992,72155,46.85633019897138
16,DE ÑUBLE,CHILLAN VIEJO,22712,11229,49.440824233885174
16,DE ÑUBLE,COBQUECURA,5904,2606,44.139566395663955
16,DE ÑUBLE,COELEMU,15372,7735,50.318761384335154
16,DE ÑUBLE,COIHUECO,22439,9745,43.42885155309951
16,DE ÑUBLE,EL CARMEN,12469,5168,41.446788034325124
16,DE ÑUBLE,NINHUE,6078,2454,40.375123395853905
16,DE ÑUBLE,PEMUCO,8294,3409,41.102001446829036
16,DE ÑUBLE,PINTO,11523,5199,45.118458734704504
16,DE ÑUBLE,PORTEZUELO,5797,2718,46.88632051060894
16,DE ÑUBLE,QUILLON,15977,6707,41.97909494898917
16,DE ÑUBLE,QUIRIHUE,10977,5199,47.36266739546324
16,DE ÑUBLE,RANQUIL,5833,2765,47.40270872621293
16,DE ÑUBLE,SAN CARLOS,47823,19769,41.33784998849926
16,DE ÑUBLE,SAN FABIAN,5149,2338,45.4068751213828
16,DE ÑUBLE,SAN IGNACIO,14746,6222,42.194493421944934
16,DE ÑUBLE,SAN NICOLAS,11810,5432,45.99491955969518
16,DE ÑUBLE,TREHUACO,6241,2694,43.16615926934786
16,DE ÑUBLE,YUNGAY,16460,6863,41.695018226002425
16,DE ÑUBLE,ÑIQUEN,10758,4731,43.976575571667595
